{
    "dataset3": {
        "0.533": {
            "precision_testcase": 0.011450381679389313,
            "recall_testcase": 0.6926691729323309,
            "f1_testcase": 0.02252835148711574
        }
    }
}