{
    "dataset1": {
        "0.8": {
            "precision_testcase": 0.7274774774774775,
            "recall_testcase": 0.918015102481122,
            "f1_testcase": 0.8117147645308705
        }
    }
}