{
    "dataset2": {
        "0.533": {
            "precision_testcase": 0.0436241610738255,
            "recall_testcase": 0.5597269624573379,
            "f1_testcase": 0.0809399973424954
        }
    }
}