{
    "dataset6": {
        "0.467": {
            "precision_testcase": 0.004132231404958678,
            "recall_testcase": 0.6196078431372549,
            "f1_testcase": 0.0082097113610974
        }
    }
}