{
    "dataset6": {
        "0.667": {
            "precision_testcase": 0.7180555555555556,
            "recall_testcase": 0.7107843137254902,
            "f1_testcase": 0.7144014332818723
        }
    }
}