{
    "dataset4": {
        "0.6": {
            "precision_testcase": 0.30919765166340507,
            "recall_testcase": 0.8651026392961877,
            "f1_testcase": 0.45556951075881
        }
    }
}