{
    "dataset1": {
        "0.733": {
            "precision_testcase": 0.4617117117117117,
            "recall_testcase": 0.9169363538295577,
            "f1_testcase": 0.6141672614484479
        }
    }
}