{
    "dataset4": {
        "0.6": {
            "precision_testcase": 0.32400932400932403,
            "recall_testcase": 0.9413489736070382,
            "f1_testcase": 0.48208613350044305
        }
    }
}