{
    "dataset5": {
        "0.867": {
            "precision_testcase": 0.8430583501006036,
            "recall_testcase": 0.9524838012958964,
            "f1_testcase": 0.8944367264155053
        }
    }
}