{
    "dataset5": {
        "0.533": {
            "precision_testcase": 0.002012072434607646,
            "recall_testcase": 0.7300215982721382,
            "f1_testcase": 0.004013084078860665
        }
    }
}