{
    "dataset6": {
        "0.867": {
            "precision_testcase": 0.9,
            "recall_testcase": 0.7215686274509804,
            "f1_testcase": 0.8009673518742443
        }
    }
}