{
    "dataset3": {
        "0.867": {
            "precision_testcase": 0.809016393442623,
            "recall_testcase": 0.8439849624060151,
            "f1_testcase": 0.8261308050228175
        }
    }
}