{
    "dataset5": {
        "0.667": {
            "precision_testcase": 0.48372093023255813,
            "recall_testcase": 0.9215262778977682,
            "f1_testcase": 0.6344243856873248
        }
    }
}