{
    "dataset1": {
        "0.733": {
            "precision_testcase": 0.37185929648241206,
            "recall_testcase": 0.9266450916936354,
            "f1_testcase": 0.5307361223015876
        }
    }
}