{
    "dataset5": {
        "0.733": {
            "precision_testcase": 0.42953020134228187,
            "recall_testcase": 0.9236861051115911,
            "f1_testcase": 0.5863823496856064
        }
    }
}