{
    "dataset5": {
        "0.6": {
            "precision_testcase": 0.31543624161073824,
            "recall_testcase": 0.904247660187185,
            "f1_testcase": 0.4677154187151137
        }
    }
}