{
    "dataset4": {
        "0.467": {
            "precision_testcase": 0.003913894324853229,
            "recall_testcase": 0.43548387096774194,
            "f1_testcase": 0.007758063357517419
        }
    }
}