{
    "dataset5": {
        "0.733": {
            "precision_testcase": 0.5653923541247485,
            "recall_testcase": 0.9496040316774658,
            "f1_testcase": 0.7087790624294833
        }
    }
}