{
    "dataset4": {
        "0.533": {
            "precision_testcase": 0.019569471624266144,
            "recall_testcase": 0.5205278592375366,
            "f1_testcase": 0.03772081285695311
        }
    }
}