{
    "dataset4": {
        "0.667": {
            "precision_testcase": 0.35812133072407043,
            "recall_testcase": 0.8651026392961877,
            "f1_testcase": 0.5065494398258488
        }
    }
}