{
    "dataset1": {
        "0.867": {
            "precision_testcase": 0.7815315315315315,
            "recall_testcase": 0.9568500539374326,
            "f1_testcase": 0.8603502181001459
        }
    }
}