{
    "dataset1": {
        "0.467": {
            "precision_testcase": 0.018018018018018018,
            "recall_testcase": 0.6850053937432579,
            "f1_testcase": 0.03511245662782178
        }
    }
}