{
    "dataset2": {
        "0.867": {
            "precision_testcase": 0.668903803131991,
            "recall_testcase": 0.8279863481228669,
            "f1_testcase": 0.7399917979772423
        }
    }
}