{
    "dataset4": {
        "0.667": {
            "precision_testcase": 0.31873479318734793,
            "recall_testcase": 0.9530791788856305,
            "f1_testcase": 0.47771057976055564
        }
    }
}