{
    "dataset4": {
        "0.467": {
            "precision_testcase": 0.004662004662004662,
            "recall_testcase": 0.533724340175953,
            "f1_testcase": 0.009243270695784662
        }
    }
}