{
    "dataset5": {
        "0.933": {
            "precision_testcase": 0.7449664429530202,
            "recall_testcase": 0.9409647228221742,
            "f1_testcase": 0.831572672402428
        }
    }
}