{
    "dataset4": {
        "0.733": {
            "precision_testcase": 0.42657342657342656,
            "recall_testcase": 0.9574780058651027,
            "f1_testcase": 0.5902015839266267
        }
    }
}