{
    "dataset2": {
        "0.4": {
            "precision_testcase": 0.0011185682326621924,
            "recall_testcase": 0.12764505119453926,
            "f1_testcase": 0.002217702483945376
        }
    }
}