{
    "dataset1": {
        "0.933": {
            "precision_testcase": 0.7905405405405406,
            "recall_testcase": 0.9568500539374326,
            "f1_testcase": 0.8657809664838259
        }
    }
}