{
    "dataset5": {
        "0.867": {
            "precision_testcase": 0.7360178970917226,
            "recall_testcase": 0.9409647228221742,
            "f1_testcase": 0.8259678643117143
        }
    }
}