{
    "dataset2": {
        "0.733": {
            "precision_testcase": 0.37024608501118567,
            "recall_testcase": 0.8068259385665529,
            "f1_testcase": 0.507571565810837
        }
    }
}