{
    "dataset2": {
        "0.267": {
            "precision_testcase": 0.001422475106685633,
            "recall_testcase": 0.021160409556313993,
            "f1_testcase": 0.002665749419554562
        }
    }
}