{
    "dataset1": {
        "0.667": {
            "precision_testcase": 0.3592964824120603,
            "recall_testcase": 0.912621359223301,
            "f1_testcase": 0.5156019255480332
        }
    }
}