{
    "dataset2": {
        "0.867": {
            "precision_testcase": 0.6543385490753911,
            "recall_testcase": 0.8122866894197952,
            "f1_testcase": 0.7248075102451556
        }
    }
}