{
    "dataset2": {
        "0.733": {
            "precision_testcase": 0.32574679943101,
            "recall_testcase": 0.7952218430034129,
            "f1_testcase": 0.46217344605363453
        }
    }
}