{
    "dataset1": {
        "0.867": {
            "precision_testcase": 0.628140703517588,
            "recall_testcase": 0.9266450916936354,
            "f1_testcase": 0.7487378667856746
        }
    }
}