{
    "dataset2": {
        "0.8": {
            "precision_testcase": 0.6537921348314607,
            "recall_testcase": 0.81160409556314,
            "f1_testcase": 0.7242005449042231
        }
    }
}