{
    "dataset5": {
        "0.733": {
            "precision_testcase": 0.48372093023255813,
            "recall_testcase": 0.9280057595392368,
            "f1_testcase": 0.6359528547810555
        }
    }
}