{
    "dataset6": {
        "0.467": {
            "precision_testcase": 0.008333333333333333,
            "recall_testcase": 0.5558823529411765,
            "f1_testcase": 0.01642050390964379
        }
    }
}