{
    "dataset6": {
        "0.4": {
            "precision_testcase": 0.0027548209366391185,
            "recall_testcase": 0.38235294117647056,
            "f1_testcase": 0.00547022932884494
        }
    }
}