{
    "dataset3": {
        "0.8": {
            "precision_testcase": 0.740983606557377,
            "recall_testcase": 0.8439849624060151,
            "f1_testcase": 0.7891374423062716
        }
    }
}