{
    "dataset3": {
        "0.8": {
            "precision_testcase": 0.9150763358778626,
            "recall_testcase": 0.9548872180451128,
            "f1_testcase": 0.9345579969536877
        }
    }
}