{
    "dataset4": {
        "0.733": {
            "precision_testcase": 0.3953033268101761,
            "recall_testcase": 0.8900293255131965,
            "f1_testcase": 0.5474560265749283
        }
    }
}