{
    "dataset4": {
        "0.867": {
            "precision_testcase": 0.45498783454987834,
            "recall_testcase": 0.9736070381231672,
            "f1_testcase": 0.6201609237884517
        }
    }
}