{
    "dataset5": {
        "0.467": {
            "precision_testcase": 0.002012072434607646,
            "recall_testcase": 0.6306695464362851,
            "f1_testcase": 0.004011347166986064
        }
    }
}