{
    "dataset6": {
        "0.533": {
            "precision_testcase": 0.06188925081433225,
            "recall_testcase": 0.6941176470588235,
            "f1_testcase": 0.1136455798864558
        }
    }
}