{
    "dataset2": {
        "0.467": {
            "precision_testcase": 0.003355704697986577,
            "recall_testcase": 0.47713310580204776,
            "f1_testcase": 0.006664537319978834
        }
    }
}