{
    "dataset4": {
        "0.6": {
            "precision_testcase": 0.31630170316301703,
            "recall_testcase": 0.9530791788856305,
            "f1_testcase": 0.4749725977347461
        }
    }
}