{
    "dataset2": {
        "0.733": {
            "precision_testcase": 0.5849719101123596,
            "recall_testcase": 0.8088737201365188,
            "f1_testcase": 0.678939467670409
        }
    }
}