{
    "dataset3": {
        "0.533": {
            "precision_testcase": 0.07295081967213114,
            "recall_testcase": 0.6705827067669173,
            "f1_testcase": 0.1315866907868698
        }
    }
}