{
    "dataset2": {
        "0.533": {
            "precision_testcase": 0.017069701280227598,
            "recall_testcase": 0.5003412969283276,
            "f1_testcase": 0.03301312305420181
        }
    }
}