{
    "dataset5": {
        "0.8": {
            "precision_testcase": 0.7625754527162978,
            "recall_testcase": 0.9517638588912887,
            "f1_testcase": 0.8467305750486918
        }
    }
}