{
    "dataset3": {
        "0.933": {
            "precision_testcase": 0.921311475409836,
            "recall_testcase": 0.8439849624060151,
            "f1_testcase": 0.880954625275366
        }
    }
}