{
    "dataset2": {
        "0.4": {
            "precision_testcase": 0.001422475106685633,
            "recall_testcase": 0.07918088737201365,
            "f1_testcase": 0.0027947429920614844
        }
    }
}