{
    "dataset6": {
        "0.8": {
            "precision_testcase": 0.8958333333333334,
            "recall_testcase": 0.7215686274509804,
            "f1_testcase": 0.7993130272263475
        }
    }
}