{
    "dataset5": {
        "0.467": {
            "precision_testcase": 0.01627906976744186,
            "recall_testcase": 0.6760259179265659,
            "f1_testcase": 0.031792557552364854
        }
    }
}