{
    "dataset1": {
        "0.6": {
            "precision_testcase": 0.23869346733668342,
            "recall_testcase": 0.8921251348435815,
            "f1_testcase": 0.3766199836533553
        }
    }
}