{
    "dataset4": {
        "0.467": {
            "precision_testcase": 0.012165450121654502,
            "recall_testcase": 0.5894428152492669,
            "f1_testcase": 0.023838891788035485
        }
    }
}