{
    "dataset3": {
        "0.933": {
            "precision_testcase": 0.932872655478776,
            "recall_testcase": 0.9929511278195489,
            "f1_testcase": 0.9619747802503669
        }
    }
}