{
    "dataset5": {
        "0.867": {
            "precision_testcase": 0.7372093023255814,
            "recall_testcase": 0.9330453563714903,
            "f1_testcase": 0.8236465171668205
        }
    }
}