{
    "dataset1": {
        "0.733": {
            "precision_testcase": 0.8475658419792498,
            "recall_testcase": 0.9352750809061489,
            "f1_testcase": 0.8892629749013075
        }
    }
}