{
    "dataset2": {
        "0.667": {
            "precision_testcase": 0.5758426966292135,
            "recall_testcase": 0.8,
            "f1_testcase": 0.6696610861576154
        }
    }
}