{
    "dataset4": {
        "0.8": {
            "precision_testcase": 0.5081585081585082,
            "recall_testcase": 0.9589442815249267,
            "f1_testcase": 0.6642965972574911
        }
    }
}