{
    "dataset1": {
        "0.667": {
            "precision_testcase": 0.32207207207207206,
            "recall_testcase": 0.889967637540453,
            "f1_testcase": 0.4729774426142753
        }
    }
}