{
    "dataset1": {
        "0.533": {
            "precision_testcase": 0.02763819095477387,
            "recall_testcase": 0.6817691477885652,
            "f1_testcase": 0.05312283892363592
        }
    }
}