{
    "dataset1": {
        "0.533": {
            "precision_testcase": 0.02702702702702703,
            "recall_testcase": 0.6947141316073355,
            "f1_testcase": 0.05202989295091901
        }
    }
}