{
    "dataset4": {
        "0.533": {
            "precision_testcase": 0.009324009324009324,
            "recall_testcase": 0.6466275659824047,
            "f1_testcase": 0.018382946794708126
        }
    }
}