{
    "dataset5": {
        "0.8": {
            "precision_testcase": 0.7024608501118568,
            "recall_testcase": 0.9287257019438445,
            "f1_testcase": 0.7999004715751559
        }
    }
}