{
    "dataset2": {
        "0.533": {
            "precision_testcase": 0.012640449438202247,
            "recall_testcase": 0.5692832764505119,
            "f1_testcase": 0.024731751437001747
        }
    }
}