{
    "dataset6": {
        "0.733": {
            "precision_testcase": 0.7180555555555556,
            "recall_testcase": 0.7196078431372549,
            "f1_testcase": 0.7188308613210586
        }
    }
}