{
    "dataset1": {
        "0.933": {
            "precision_testcase": 0.8990422984836393,
            "recall_testcase": 0.9805825242718447,
            "f1_testcase": 0.9380437583090289
        }
    }
}