{
    "dataset4": {
        "0.667": {
            "precision_testcase": 0.40792540792540793,
            "recall_testcase": 0.9428152492668622,
            "f1_testcase": 0.569462824869622
        }
    }
}