{
    "dataset5": {
        "0.533": {
            "precision_testcase": 0.03255813953488372,
            "recall_testcase": 0.7854571634269258,
            "f1_testcase": 0.06252456117369662
        }
    }
}