{
    "dataset3": {
        "0.533": {
            "precision_testcase": 0.18756169792694966,
            "recall_testcase": 0.7490601503759399,
            "f1_testcase": 0.3000036651045397
        }
    }
}