{
    "dataset1": {
        "0.467": {
            "precision_testcase": 0.02763819095477387,
            "recall_testcase": 0.6731391585760518,
            "f1_testcase": 0.05309631829943261
        }
    }
}