{
    "dataset4": {
        "0.8": {
            "precision_testcase": 0.5322896281800391,
            "recall_testcase": 0.8929618768328446,
            "f1_testcase": 0.6669901329365837
        }
    }
}