{
    "dataset3": {
        "0.467": {
            "precision_testcase": 0.005923000987166831,
            "recall_testcase": 0.5808270676691729,
            "f1_testcase": 0.011726421449104865
        }
    }
}