{
    "dataset3": {
        "0.867": {
            "precision_testcase": 0.9293893129770993,
            "recall_testcase": 0.9548872180451128,
            "f1_testcase": 0.941965747530822
        }
    }
}