{
    "dataset5": {
        "0.667": {
            "precision_testcase": 0.5372233400402414,
            "recall_testcase": 0.9496040316774658,
            "f1_testcase": 0.6862255286894269
        }
    }
}