{
    "dataset2": {
        "0.467": {
            "precision_testcase": 0.017069701280227598,
            "recall_testcase": 0.33583617747440275,
            "f1_testcase": 0.032488114104595886
        }
    }
}