{
    "dataset6": {
        "0.933": {
            "precision_testcase": 0.7878787878787878,
            "recall_testcase": 0.7578431372549019,
            "f1_testcase": 0.7725691441311576
        }
    }
}