{
    "dataset5": {
        "0.667": {
            "precision_testcase": 0.4250559284116331,
            "recall_testcase": 0.9236861051115911,
            "f1_testcase": 0.5821991829579501
        }
    }
}