{
    "dataset6": {
        "0.467": {
            "precision_testcase": 0.05211726384364821,
            "recall_testcase": 0.5019607843137255,
            "f1_testcase": 0.09443009959424566
        }
    }
}