{
    "dataset2": {
        "0.333": {
            "precision_testcase": 0.001422475106685633,
            "recall_testcase": 0.029351535836177476,
            "f1_testcase": 0.0027134473401905722
        }
    }
}