{
    "dataset1": {
        "0.533": {
            "precision_testcase": 0.0015961691939345571,
            "recall_testcase": 0.6202804746494067,
            "f1_testcase": 0.0031841446210798684
        }
    }
}