{
    "dataset2": {
        "0.8": {
            "precision_testcase": 0.6185682326621924,
            "recall_testcase": 0.8129692832764505,
            "f1_testcase": 0.7025690450525601
        }
    }
}