{
    "dataset4": {
        "0.933": {
            "precision_testcase": 0.6262230919765166,
            "recall_testcase": 0.9017595307917888,
            "f1_testcase": 0.7391479892207583
        }
    }
}