{
    "dataset5": {
        "0.533": {
            "precision_testcase": 0.026845637583892617,
            "recall_testcase": 0.712742980561555,
            "f1_testcase": 0.05174238563756811
        }
    }
}