{
    "dataset4": {
        "0.533": {
            "precision_testcase": 0.0413625304136253,
            "recall_testcase": 0.6436950146627566,
            "f1_testcase": 0.07773027189451263
        }
    }
}