{
    "dataset4": {
        "0.867": {
            "precision_testcase": 0.5772994129158513,
            "recall_testcase": 0.9017595307917888,
            "f1_testcase": 0.7039411781823826
        }
    }
}