{
    "dataset2": {
        "0.6": {
            "precision_testcase": 0.2332859174964438,
            "recall_testcase": 0.7781569965870307,
            "f1_testcase": 0.35895860532985174
        }
    }
}