{
    "dataset1": {
        "0.667": {
            "precision_testcase": 0.8459696727853152,
            "recall_testcase": 0.8230852211434736,
            "f1_testcase": 0.8343705623320037
        }
    }
}