{
    "dataset2": {
        "0.933": {
            "precision_testcase": 0.6884779516358464,
            "recall_testcase": 0.8143344709897611,
            "f1_testcase": 0.7461361379405701
        }
    }
}