{
    "dataset6": {
        "0.533": {
            "precision_testcase": 0.011111111111111112,
            "recall_testcase": 0.5990196078431372,
            "f1_testcase": 0.02181753258346724
        }
    }
}